timestamp,file,character_index,preset,state
2026-10-08T18:21:09.962,D:\kuchu\manifest.json,298,review_duplication,revision_started
2026-10-08T18:21:11.885,D:\kuchu\manifest.json,298,review_duplication,revision_completed
2026-10-08T18:21:40.197,D:\kuchu\manifest.json,560,review_return_value,revision_started
2026-10-08T18:21:42.743,D:\kuchu\manifest.json,560,review_return_value,revision_completed
2026-10-08T18:22:18.270,D:\kuchu\manifest.json,863,review_security,revision_started
2026-10-08T18:22:19.724,D:\kuchu\manifest.json,863,review_security,revision_completed
2026-10-08T18:23:01.372,D:\kuchu\popup.html,289,review_final_consistency,revision_started
2026-10-08T18:23:02.454,D:\kuchu\popup.html,289,review_final_consistency,revision_completed
2026-10-08T18:23:33.141,D:\kuchu\popup.html,552,review_complexity,revision_started
2026-10-08T18:23:36.576,D:\kuchu\popup.html,552,review_complexity,revision_completed
2026-10-08T18:24:05.694,D:\kuchu\popup.html,834,review_final_consistency,revision_started
2026-10-08T18:24:07.376,D:\kuchu\popup.html,834,review_final_consistency,revision_completed
2026-10-08T18:25:01.434,D:\kuchu\popup.html,1296,review_testability,revision_started
2026-10-08T18:25:04.441,D:\kuchu\popup.html,1296,review_testability,revision_completed
2026-10-08T18:25:36.304,D:\kuchu\popup.html,1558,review_complexity,revision_started
2026-10-08T18:25:38.572,D:\kuchu\popup.html,1558,review_complexity,revision_completed
2026-10-08T18:26:00.472,D:\kuchu\popup.html,1819,review_loop,revision_started
2026-10-08T18:26:04.011,D:\kuchu\popup.html,1819,review_loop,revision_completed
2026-10-08T18:26:57.476,D:\kuchu\popup.html,2246,review_complexity,revision_started
2026-10-08T18:26:58.739,D:\kuchu\popup.html,2246,review_complexity,revision_completed
2026-10-08T18:27:41.245,D:\kuchu\popup.html,2581,review_imports,revision_started
2026-10-08T18:27:43.623,D:\kuchu\popup.html,2581,review_imports,revision_completed
2026-10-08T18:28:20.591,D:\kuchu\popup.html,2865,review_dependency,revision_started
2026-10-08T18:28:22.947,D:\kuchu\popup.html,2865,review_dependency,revision_completed
2026-10-08T18:28:58.900,D:\kuchu\popup.html,3126,review_readability,revision_started
2026-10-08T18:29:03.365,D:\kuchu\popup.html,3126,review_readability,revision_completed
2026-10-08T18:29:44.453,D:\kuchu\popup.html,3446,review_imports,revision_started
2026-10-08T18:29:47.044,D:\kuchu\popup.html,3446,review_imports,revision_completed
2026-10-08T18:30:42.266,D:\kuchu\popup.html,3883,review_final_consistency,revision_started
2026-10-08T18:30:44.069,D:\kuchu\popup.html,3883,review_final_consistency,revision_completed
2026-10-08T18:31:16.090,D:\kuchu\popup.html,4139,review_boundary,revision_started
2026-10-08T18:31:18.333,D:\kuchu\popup.html,4139,review_boundary,revision_completed
2026-10-08T18:31:53.011,D:\kuchu\popup.html,4402,review_imports,revision_started
2026-10-08T18:31:56.956,D:\kuchu\popup.html,4402,review_imports,revision_completed
2026-10-08T18:32:31.717,D:\kuchu\popup.html,4701,review_function_name,revision_started
2026-10-08T18:32:33.507,D:\kuchu\popup.html,4701,review_function_name,revision_completed
2026-10-08T18:33:07.915,D:\kuchu\popup.html,5031,review_null_case,revision_started
2026-10-08T18:33:11.490,D:\kuchu\popup.html,5031,review_null_case,revision_completed
2026-10-08T18:33:43.513,D:\kuchu\popup.html,5282,review_loop,revision_started
2026-10-08T18:33:47.527,D:\kuchu\popup.html,5282,review_loop,revision_completed
2026-10-08T18:34:28.478,D:\kuchu\popup.html,5605,review_dependency,revision_started
2026-10-08T18:34:30.808,D:\kuchu\popup.html,5605,review_dependency,revision_completed
2026-10-08T18:35:01.709,D:\kuchu\popup.html,5859,review_loop,revision_started
2026-10-08T18:35:03.922,D:\kuchu\popup.html,5859,review_loop,revision_completed
2026-10-08T18:35:36.907,D:\kuchu\popup.html,6156,review_data_flow,revision_started
2026-10-08T18:35:38.844,D:\kuchu\popup.html,6156,review_data_flow,revision_completed
2026-10-08T18:36:12.953,D:\kuchu\popup.html,6470,review_security,revision_started
2026-10-08T18:36:17.805,D:\kuchu\popup.html,6470,review_security,revision_completed
2026-10-08T18:36:56.023,D:\kuchu\popup.html,6809,review_api_usage,revision_started
2026-10-08T18:36:57.922,D:\kuchu\popup.html,6809,review_api_usage,revision_completed
2026-10-08T18:37:30.809,D:\kuchu\popup.html,7121,review_readability,revision_started
2026-10-08T18:37:35.232,D:\kuchu\popup.html,7121,review_readability,revision_completed
2026-10-08T18:38:04.203,D:\kuchu\popup.html,7394,review_return_value,revision_started
2026-10-08T18:38:07.699,D:\kuchu\popup.html,7394,review_return_value,revision_completed
2026-10-08T18:39:07.599,D:\kuchu\popup.js,449,review_imports,revision_started
2026-10-08T18:39:09.035,D:\kuchu\popup.js,449,review_imports,revision_completed
2026-10-08T18:39:39.846,D:\kuchu\popup.js,759,review_documentation,revision_started
2026-10-08T18:39:44.523,D:\kuchu\popup.js,759,review_documentation,revision_completed
2026-10-08T18:40:17.358,D:\kuchu\popup.js,1109,review_performance,revision_started
2026-10-08T18:40:20.313,D:\kuchu\popup.js,1109,review_performance,revision_completed
2026-10-08T18:40:49.876,D:\kuchu\popup.js,1361,review_condition,revision_started
2026-10-08T18:40:54.558,D:\kuchu\popup.js,1361,review_condition,revision_completed
2026-10-08T18:41:29.566,D:\kuchu\popup.js,1656,review_complexity,revision_started
2026-10-08T18:41:34.455,D:\kuchu\popup.js,1656,review_complexity,revision_completed
2026-10-08T18:42:19.492,D:\kuchu\popup.js,2030,review_structure,revision_started
2026-10-08T18:42:22.599,D:\kuchu\popup.js,2030,review_structure,revision_completed
2026-10-08T18:43:13.366,D:\kuchu\popup.js,2472,review_error_handling,revision_started
2026-10-08T18:43:15.912,D:\kuchu\popup.js,2472,review_error_handling,revision_completed
2026-10-08T18:43:47.691,D:\kuchu\popup.js,2768,review_duplication,revision_started
2026-10-08T18:43:49.983,D:\kuchu\popup.js,2768,review_duplication,revision_completed
2026-10-08T18:44:16.590,D:\kuchu\popup.js,3035,review_readability,revision_started
2026-10-08T18:44:20.713,D:\kuchu\popup.js,3035,review_readability,revision_completed
2026-10-08T18:44:53.319,D:\kuchu\popup.js,3291,review_structure,revision_started
2026-10-08T18:44:55.233,D:\kuchu\popup.js,3291,review_structure,revision_completed
2026-10-08T18:45:27.394,D:\kuchu\popup.js,3546,review_loop,revision_started
2026-10-08T18:45:31.449,D:\kuchu\popup.js,3546,review_loop,revision_completed
2026-10-08T18:46:12.638,D:\kuchu\contentscript.txt,302,review_null_case,revision_started
2026-10-08T18:46:14.542,D:\kuchu\contentscript.txt,302,review_null_case,revision_completed
2026-10-08T18:46:52.980,D:\kuchu\contentscript.txt,655,review_loop,revision_started
2026-10-08T18:46:56.629,D:\kuchu\contentscript.txt,655,review_loop,revision_completed
2026-10-08T18:47:19.168,D:\kuchu\contentscript.txt,922,review_boundary,revision_started
2026-10-08T18:47:20.947,D:\kuchu\contentscript.txt,922,review_boundary,revision_completed
2026-10-08T18:48:02.353,D:\kuchu\contentscript.txt,1325,review_api_usage,revision_started
2026-10-08T18:48:03.672,D:\kuchu\contentscript.txt,1325,review_api_usage,revision_completed
2026-10-08T18:48:35.640,D:\kuchu\contentscript.txt,1591,review_condition,revision_started
2026-10-08T18:48:37.036,D:\kuchu\contentscript.txt,1591,review_condition,revision_completed
2026-10-08T18:49:24.522,D:\kuchu\contentscript.txt,1988,review_security,revision_started
2026-10-08T18:49:27.084,D:\kuchu\contentscript.txt,1988,review_security,revision_completed
2026-10-08T18:50:08.070,D:\kuchu\contentscript.txt,2308,review_boundary,revision_started
2026-10-08T18:50:11.378,D:\kuchu\contentscript.txt,2308,review_boundary,revision_completed
2026-10-08T18:50:46.714,D:\kuchu\contentscript.txt,2572,review_data_flow,revision_started
2026-10-08T18:50:48.287,D:\kuchu\contentscript.txt,2572,review_data_flow,revision_completed
2026-10-08T18:51:23.860,D:\kuchu\contentscript.txt,2894,review_state,revision_started
2026-10-08T18:51:28.239,D:\kuchu\contentscript.txt,2894,review_state,revision_completed
2026-10-08T18:51:58.428,D:\kuchu\contentscript.txt,3159,review_testability,revision_started
2026-10-08T18:51:59.934,D:\kuchu\contentscript.txt,3159,review_testability,revision_completed
2026-10-08T18:52:35.840,D:\kuchu\contentscript.txt,3469,review_cleanup,revision_started
2026-10-08T18:52:38.197,D:\kuchu\contentscript.txt,3469,review_cleanup,revision_completed
2026-10-08T18:53:02.821,D:\kuchu\contentscript.txt,3731,review_structure,revision_started
2026-10-08T18:53:04.670,D:\kuchu\contentscript.txt,3731,review_structure,revision_completed
2026-10-08T18:53:44.513,D:\kuchu\contentscript.txt,4096,review_api_usage,revision_started
2026-10-08T18:53:47.735,D:\kuchu\contentscript.txt,4096,review_api_usage,revision_completed
2026-10-08T18:54:17.298,D:\kuchu\contentscript.txt,4365,review_data_flow,revision_started
2026-10-08T18:54:22.124,D:\kuchu\contentscript.txt,4365,review_data_flow,revision_completed
2026-10-08T18:55:00.282,D:\kuchu\contentscript.txt,4707,review_null_case,revision_started
2026-10-08T18:55:03.913,D:\kuchu\contentscript.txt,4707,review_null_case,revision_completed
2026-10-08T18:55:36.003,D:\kuchu\contentscript.txt,4968,review_variable_name,revision_started
2026-10-08T18:55:39.790,D:\kuchu\contentscript.txt,4968,review_variable_name,revision_completed
2026-10-08T18:56:11.802,D:\kuchu\contentscript.txt,5219,review_testability,revision_started
2026-10-08T18:56:15.161,D:\kuchu\contentscript.txt,5219,review_testability,revision_completed
2026-10-08T18:56:44.917,D:\kuchu\contentscript.txt,5489,review_performance,revision_started
2026-10-08T18:56:49.207,D:\kuchu\contentscript.txt,5489,review_performance,revision_completed
2026-10-08T18:57:58.238,D:\kuchu\contentscript.txt,6061,review_data_flow,revision_started
2026-10-08T18:58:00.912,D:\kuchu\contentscript.txt,6061,review_data_flow,revision_completed
2026-10-08T18:58:48.409,D:\kuchu\contentscript.txt,6489,review_testability,revision_started
2026-10-08T18:58:49.894,D:\kuchu\contentscript.txt,6489,review_testability,revision_completed
2026-10-08T18:59:30.423,D:\kuchu\contentscript.txt,6790,review_variable_name,revision_started
2026-10-08T18:59:35.231,D:\kuchu\contentscript.txt,6790,review_variable_name,revision_completed
2026-10-08T19:00:09.556,D:\kuchu\contentscript.txt,7083,review_function_name,revision_started
2026-10-08T19:00:12.006,D:\kuchu\contentscript.txt,7083,review_function_name,revision_completed
2026-10-08T19:00:46.964,D:\kuchu\contentscript.txt,7366,review_null_case,revision_started
2026-10-08T19:00:51.906,D:\kuchu\contentscript.txt,7366,review_null_case,revision_completed
2026-10-08T19:01:29.925,D:\kuchu\contentscript.txt,7678,review_imports,revision_started
2026-10-08T19:01:34.269,D:\kuchu\contentscript.txt,7678,review_imports,revision_completed
2026-10-08T19:02:07.939,D:\kuchu\contentscript.txt,7952,review_condition,revision_started
2026-10-08T19:02:09.641,D:\kuchu\contentscript.txt,7952,review_condition,revision_completed
2026-10-08T19:02:42.301,D:\kuchu\contentscript.txt,8204,review_testability,revision_started
2026-10-08T19:02:45.595,D:\kuchu\contentscript.txt,8204,review_testability,revision_completed
2026-10-08T19:03:30.985,D:\kuchu\contentscript.txt,8579,review_function_name,revision_started
2026-10-08T19:03:32.305,D:\kuchu\contentscript.txt,8579,review_function_name,revision_completed
2026-10-08T19:04:07.759,D:\kuchu\contentscript.txt,8845,review_testability,revision_started
2026-10-08T19:04:12.511,D:\kuchu\contentscript.txt,8845,review_testability,revision_completed
2026-10-08T19:05:17.732,D:\kuchu\contentscript.txt,9347,review_edge_case,revision_started
2026-10-08T19:05:21.613,D:\kuchu\contentscript.txt,9347,review_edge_case,revision_completed
2026-10-08T19:06:03.546,D:\kuchu\contentscript.txt,9665,review_data_flow,revision_started
2026-10-08T19:06:07.228,D:\kuchu\contentscript.txt,9665,review_data_flow,revision_completed
2026-10-08T19:06:51.306,D:\kuchu\contentscript.txt,10010,review_null_case,revision_started
2026-10-08T19:06:55.181,D:\kuchu\contentscript.txt,10010,review_null_case,revision_completed
2026-10-08T19:07:31.842,D:\kuchu\contentscript.txt,10282,review_documentation,revision_started
2026-10-08T19:07:35.941,D:\kuchu\contentscript.txt,10282,review_documentation,revision_completed
2026-10-08T19:08:32.738,D:\kuchu\contentscript.txt,10775,review_duplication,revision_started
2026-10-08T19:08:34.369,D:\kuchu\contentscript.txt,10775,review_duplication,revision_completed
2026-10-08T19:09:12.972,D:\kuchu\contentscript.txt,11104,review_data_flow,revision_started
2026-10-08T19:09:16.028,D:\kuchu\contentscript.txt,11104,review_data_flow,revision_completed
2026-10-08T19:09:47.852,D:\kuchu\contentscript.txt,11366,review_data_flow,revision_started
2026-10-08T19:09:51.280,D:\kuchu\contentscript.txt,11366,review_data_flow,revision_completed
2026-10-08T19:10:34.826,D:\kuchu\contentscript.txt,11686,review_type_consistency,revision_started
2026-10-08T19:10:39.328,D:\kuchu\contentscript.txt,11686,review_type_consistency,revision_completed
2026-10-08T19:11:29.090,D:\kuchu\contentscript.txt,12073,review_cleanup,revision_started
2026-10-08T19:11:30.928,D:\kuchu\contentscript.txt,12073,review_cleanup,revision_completed
2026-10-08T19:12:03.650,D:\kuchu\contentscript.txt,12333,review_readability,revision_started
2026-10-08T19:12:05.511,D:\kuchu\contentscript.txt,12333,review_readability,revision_completed
2026-10-08T19:12:39.877,D:\kuchu\contentscript.txt,12614,review_documentation,revision_started
2026-10-08T19:12:41.890,D:\kuchu\contentscript.txt,12614,review_documentation,revision_completed
2026-10-08T19:14:53.542,D:\kuchu\contentscript.txt,13155,review_data_flow,revision_started
2026-10-08T19:14:56.869,D:\kuchu\contentscript.txt,13155,review_data_flow,revision_completed
2026-10-08T19:15:52.754,D:\kuchu\contentscript.txt,13578,review_readability,revision_started
2026-10-08T19:15:57.343,D:\kuchu\contentscript.txt,13578,review_readability,revision_completed
2026-10-08T19:16:30.046,D:\kuchu\contentscript.txt,13835,review_loop,revision_started
2026-10-08T19:16:32.325,D:\kuchu\contentscript.txt,13835,review_loop,revision_completed
2026-10-08T19:17:45.683,D:\kuchu\contentscript.txt,14363,review_testability,revision_started
2026-10-08T19:17:49.520,D:\kuchu\contentscript.txt,14363,review_testability,revision_completed
2026-10-08T19:18:21.339,D:\kuchu\contentscript.txt,14625,review_cleanup,revision_started
2026-10-08T19:18:24.314,D:\kuchu\contentscript.txt,14625,review_cleanup,revision_completed
2026-10-08T19:19:16.481,D:\kuchu\contentscript.txt,15047,review_final_consistency,revision_started
2026-10-08T19:19:18.439,D:\kuchu\contentscript.txt,15047,review_final_consistency,revision_completed
2026-10-08T19:19:59.924,D:\kuchu\contentscript.txt,15372,review_documentation,revision_started
2026-10-08T19:20:04.704,D:\kuchu\contentscript.txt,15372,review_documentation,revision_completed
2026-10-08T19:20:44.136,D:\kuchu\contentscript.txt,15669,review_cleanup,revision_started
2026-10-08T19:20:46.328,D:\kuchu\contentscript.txt,15669,review_cleanup,revision_completed
2026-10-08T19:21:31.817,D:\kuchu\contentscript.txt,16021,review_structure,revision_started
2026-10-08T19:21:33.767,D:\kuchu\contentscript.txt,16021,review_structure,revision_completed
2026-10-08T19:22:18.275,D:\kuchu\contentscript.txt,16344,review_duplication,revision_started
2026-10-08T19:22:19.304,D:\kuchu\contentscript.txt,16344,review_duplication,revision_completed
2026-10-08T19:23:06.290,D:\kuchu\contentscript.txt,16676,review_api_usage,revision_started
2026-10-08T19:23:08.935,D:\kuchu\contentscript.txt,16676,review_api_usage,revision_completed
2026-10-08T19:24:05.952,D:\kuchu\contentscript.txt,17106,review_state,revision_started
2026-10-08T19:24:07.018,D:\kuchu\contentscript.txt,17106,review_state,revision_completed
2026-10-08T19:24:41.384,D:\kuchu\contentscript.txt,17365,review_cleanup,revision_started
2026-10-08T19:24:43.673,D:\kuchu\contentscript.txt,17365,review_cleanup,revision_completed
2026-10-08T19:25:17.719,D:\kuchu\contentscript.txt,17637,review_data_flow,revision_started
2026-10-08T19:25:22.654,D:\kuchu\contentscript.txt,17637,review_data_flow,revision_completed
2026-10-08T19:26:01.434,D:\kuchu\contentscript.txt,17952,review_complexity,revision_started
2026-10-08T19:26:04.043,D:\kuchu\contentscript.txt,17952,review_complexity,revision_completed
2026-10-08T19:26:40.657,D:\kuchu\contentscript.txt,18242,review_loop,revision_started
2026-10-08T19:26:43.256,D:\kuchu\contentscript.txt,18242,review_loop,revision_completed
2026-10-08T19:27:19.258,D:\kuchu\contentscript.txt,18512,review_structure,revision_started
2026-10-08T19:27:21.382,D:\kuchu\contentscript.txt,18512,review_structure,revision_completed
2026-10-08T19:27:57.368,D:\kuchu\contentscript.txt,18810,review_dependency,revision_started
2026-10-08T19:27:58.439,D:\kuchu\contentscript.txt,18810,review_dependency,revision_completed
2026-10-08T19:28:35.046,D:\kuchu\contentscript.txt,19090,review_error_handling,revision_started
2026-10-08T19:28:36.289,D:\kuchu\contentscript.txt,19090,review_error_handling,revision_completed
2026-10-08T19:29:15.854,D:\kuchu\contentscript.txt,19376,review_api_usage,revision_started
2026-10-08T19:29:18.020,D:\kuchu\contentscript.txt,19376,review_api_usage,revision_completed
2026-10-08T19:30:32.082,D:\kuchu\contentscript.txt,19640,review_documentation,revision_started
2026-10-08T19:30:34.373,D:\kuchu\contentscript.txt,19640,review_documentation,revision_completed
2026-10-08T19:31:06.091,D:\kuchu\contentscript.txt,19892,review_complexity,revision_started
2026-10-08T19:31:09.779,D:\kuchu\contentscript.txt,19892,review_complexity,revision_completed
2026-10-08T19:31:41.511,D:\kuchu\contentscript.txt,20149,review_function_name,revision_started
2026-10-08T19:31:45.644,D:\kuchu\contentscript.txt,20149,review_function_name,revision_completed
2026-10-08T19:32:34.932,D:\kuchu\contentscript.txt,20507,review_complexity,revision_started
2026-10-08T19:32:37.359,D:\kuchu\contentscript.txt,20507,review_complexity,revision_completed
2026-10-08T19:33:19.716,D:\kuchu\contentscript.txt,20803,review_performance,revision_started
2026-10-08T19:33:22.797,D:\kuchu\contentscript.txt,20803,review_performance,revision_completed
2026-10-08T19:34:31.983,D:\kuchu\contentscript.txt,21313,review_testability,revision_started
2026-10-08T19:34:36.903,D:\kuchu\contentscript.txt,21313,review_testability,revision_completed
2026-10-08T19:35:11.038,D:\kuchu\contentscript.txt,21586,review_variable_name,revision_started
2026-10-08T19:35:13.607,D:\kuchu\contentscript.txt,21586,review_variable_name,revision_completed
2026-10-08T19:35:44.735,D:\kuchu\contentscript.txt,21840,review_loop,revision_started
2026-10-08T19:35:46.329,D:\kuchu\contentscript.txt,21840,review_loop,revision_completed
2026-10-08T19:36:53.531,D:\kuchu\contentscript.txt,22365,review_testability,revision_started
2026-10-08T19:36:57.785,D:\kuchu\contentscript.txt,22365,review_testability,revision_completed
2026-10-08T19:38:01.210,D:\kuchu\contentscript.txt,22858,review_structure,revision_started
2026-10-08T19:38:05.526,D:\kuchu\contentscript.txt,22858,review_structure,revision_completed
2026-10-08T19:38:40.180,D:\kuchu\contentscript.txt,23126,review_condition,revision_started
2026-10-08T19:38:44.803,D:\kuchu\contentscript.txt,23126,review_condition,revision_completed
2026-10-08T19:39:21.853,D:\kuchu\contentscript.txt,23380,review_error_handling,revision_started
2026-10-08T19:39:25.519,D:\kuchu\contentscript.txt,23380,review_error_handling,revision_completed
2026-10-08T19:40:02.718,D:\kuchu\contentscript.txt,23660,review_api_usage,revision_started
2026-10-08T19:40:04.442,D:\kuchu\contentscript.txt,23660,review_api_usage,revision_completed
2026-10-08T19:40:52.078,D:\kuchu\contentscript.txt,23986,review_edge_case,revision_started
2026-10-08T19:40:56.866,D:\kuchu\contentscript.txt,23986,review_edge_case,revision_completed
2026-10-08T19:41:28.446,D:\kuchu\contentscript.txt,24237,review_testability,revision_started
2026-10-08T19:41:32.916,D:\kuchu\contentscript.txt,24237,review_testability,revision_completed
2026-10-08T19:42:34.154,D:\kuchu\contentscript.txt,24704,review_condition,revision_started
2026-10-08T19:42:36.428,D:\kuchu\contentscript.txt,24704,review_condition,revision_completed
2026-10-08T19:43:13.224,D:\kuchu\contentscript.txt,24990,review_readability,revision_started
2026-10-08T19:43:15.114,D:\kuchu\contentscript.txt,24990,review_readability,revision_completed
2026-10-08T19:43:57.979,D:\kuchu\contentscript.txt,25333,review_imports,revision_started
2026-10-08T19:44:01.296,D:\kuchu\contentscript.txt,25333,review_imports,revision_completed
2026-10-08T19:44:39.154,D:\kuchu\contentscript.txt,25623,review_edge_case,revision_started
2026-10-08T19:44:42.756,D:\kuchu\contentscript.txt,25623,review_edge_case,revision_completed
2026-10-08T19:45:59.742,D:\kuchu\contentscript.txt,26238,review_imports,revision_started
2026-10-08T19:46:01.719,D:\kuchu\contentscript.txt,26238,review_imports,revision_completed
2026-10-08T19:47:04.597,D:\kuchu\contentscript.txt,26733,review_state,revision_started
2026-10-08T19:47:06.031,D:\kuchu\contentscript.txt,26733,review_state,revision_completed
2026-10-08T19:47:57.459,D:\kuchu\contentscript.txt,27129,review_readability,revision_started
2026-10-08T19:48:02.201,D:\kuchu\contentscript.txt,27129,review_readability,revision_completed
2026-10-08T19:48:39.521,D:\kuchu\contentscript.txt,27404,review_return_value,revision_started
2026-10-08T19:48:41.544,D:\kuchu\contentscript.txt,27404,review_return_value,revision_completed
2026-10-08T19:49:19.725,D:\kuchu\contentscript.txt,27690,review_testability,revision_started
2026-10-08T19:49:21.281,D:\kuchu\contentscript.txt,27690,review_testability,revision_completed
2026-10-08T19:50:00.206,D:\kuchu\contentscript.txt,27983,review_api_usage,revision_started
2026-10-08T19:50:02.897,D:\kuchu\contentscript.txt,27983,review_api_usage,revision_completed
2026-10-08T19:50:46.672,D:\kuchu\contentscript.txt,28317,review_error_handling,revision_started
2026-10-08T19:50:48.839,D:\kuchu\contentscript.txt,28317,review_error_handling,revision_completed
2026-10-08T19:51:20.750,D:\kuchu\contentscript.txt,28574,review_structure,revision_started
2026-10-08T19:51:23.260,D:\kuchu\contentscript.txt,28574,review_structure,revision_completed
2026-10-08T19:52:16.920,D:\kuchu\contentscript.txt,28964,review_cleanup,revision_started
2026-10-08T19:52:20.370,D:\kuchu\contentscript.txt,28964,review_cleanup,revision_completed
2026-10-08T19:52:56.462,D:\kuchu\contentscript.txt,29245,review_testability,revision_started
2026-10-08T19:53:00.369,D:\kuchu\contentscript.txt,29245,review_testability,revision_completed
2026-10-08T19:53:47.564,D:\kuchu\contentscript.txt,29594,review_dependency,revision_started
2026-10-08T19:53:50.571,D:\kuchu\contentscript.txt,29594,review_dependency,revision_completed
2026-10-08T19:54:24.178,D:\kuchu\contentscript.txt,29849,review_imports,revision_started
2026-10-08T19:54:25.518,D:\kuchu\contentscript.txt,29849,review_imports,revision_completed
2026-10-08T19:54:58.989,D:\kuchu\contentscript.txt,30101,review_null_case,revision_started
2026-10-08T19:55:02.319,D:\kuchu\contentscript.txt,30101,review_null_case,revision_completed
2026-10-08T19:55:36.267,D:\kuchu\contentscript.txt,30379,review_error_handling,revision_started
2026-10-08T19:55:39.121,D:\kuchu\contentscript.txt,30379,review_error_handling,revision_completed
2026-10-08T19:56:12.545,D:\kuchu\contentscript.txt,30646,review_null_case,revision_started
2026-10-08T19:56:13.978,D:\kuchu\contentscript.txt,30646,review_null_case,revision_completed
2026-10-08T19:56:51.470,D:\kuchu\contentscript.txt,30932,review_boundary,revision_started
2026-10-08T19:56:55.593,D:\kuchu\contentscript.txt,30932,review_boundary,revision_completed
2026-10-08T19:57:30.849,D:\kuchu\contentscript.txt,31196,review_function_name,revision_started
2026-10-08T19:57:31.906,D:\kuchu\contentscript.txt,31196,review_function_name,revision_completed
2026-10-08T19:58:31.678,D:\kuchu\contentscript.txt,31652,review_type_consistency,revision_started
2026-10-08T19:58:33.621,D:\kuchu\contentscript.txt,31652,review_type_consistency,revision_completed
2026-10-08T19:59:24.358,D:\kuchu\contentscript.txt,32070,review_type_consistency,revision_started
2026-10-08T19:59:28.825,D:\kuchu\contentscript.txt,32070,review_type_consistency,revision_completed
2026-10-08T20:00:04.933,D:\kuchu\contentscript.txt,32359,review_structure,revision_started
2026-10-08T20:00:09.098,D:\kuchu\contentscript.txt,32359,review_structure,revision_completed
2026-10-08T20:00:52.523,D:\kuchu\contentscript.txt,32696,review_type_consistency,revision_started
2026-10-08T20:00:55.875,D:\kuchu\contentscript.txt,32696,review_type_consistency,revision_completed
2026-10-08T20:01:28.141,D:\kuchu\contentscript.txt,32946,review_state,revision_started
2026-10-08T20:01:30.103,D:\kuchu\contentscript.txt,32946,review_state,revision_completed
2026-10-08T20:02:04.828,D:\kuchu\contentscript.txt,33198,review_null_case,revision_started
2026-10-08T20:02:07.228,D:\kuchu\contentscript.txt,33198,review_null_case,revision_completed
2026-10-08T20:02:41.148,D:\kuchu\contentscript.txt,33451,review_state,revision_started
2026-10-08T20:02:43.634,D:\kuchu\contentscript.txt,33451,review_state,revision_completed
2026-10-08T20:03:30.637,D:\kuchu\contentscript.txt,33793,review_condition,revision_started
2026-10-08T20:03:33.982,D:\kuchu\contentscript.txt,33793,review_condition,revision_completed
2026-10-08T20:04:08.759,D:\kuchu\contentscript.txt,34050,review_final_consistency,revision_started
2026-10-08T20:04:12.952,D:\kuchu\contentscript.txt,34050,review_final_consistency,revision_completed
2026-10-08T20:04:58.432,D:\kuchu\contentscript.txt,34390,review_condition,revision_started
2026-10-08T20:05:00.813,D:\kuchu\contentscript.txt,34390,review_condition,revision_completed
2026-10-08T20:06:16.121,D:\kuchu\contentscript.txt,34950,review_type_consistency,revision_started
2026-10-08T20:06:17.787,D:\kuchu\contentscript.txt,34950,review_type_consistency,revision_completed
2026-10-08T20:06:55.319,D:\kuchu\contentscript.txt,35235,review_return_value,revision_started
2026-10-08T20:06:56.884,D:\kuchu\contentscript.txt,35235,review_return_value,revision_completed
2026-10-08T20:07:41.519,D:\kuchu\contentscript.txt,35551,review_error_handling,revision_started
2026-10-08T20:07:42.973,D:\kuchu\contentscript.txt,35551,review_error_handling,revision_completed
2026-10-08T20:08:25.524,D:\kuchu\contentscript.txt,35842,review_performance,revision_started
2026-10-08T20:08:28.224,D:\kuchu\contentscript.txt,35842,review_performance,revision_completed
2026-10-08T20:09:09.074,D:\kuchu\contentscript.txt,36148,review_cleanup,revision_started
2026-10-08T20:09:12.774,D:\kuchu\contentscript.txt,36148,review_cleanup,revision_completed
2026-10-08T20:09:46.065,D:\kuchu\contentscript.txt,36402,review_loop,revision_started
2026-10-08T20:09:49.078,D:\kuchu\contentscript.txt,36402,review_loop,revision_completed
2026-10-08T20:10:29.197,D:\kuchu\contentscript.txt,36726,review_error_handling,revision_started
2026-10-08T20:10:30.536,D:\kuchu\contentscript.txt,36726,review_error_handling,revision_completed
2026-10-08T20:11:05.968,D:\kuchu\contentscript.txt,37017,review_api_usage,revision_started
2026-10-08T20:11:10.192,D:\kuchu\contentscript.txt,37017,review_api_usage,revision_completed
2026-10-08T20:11:53.753,D:\kuchu\contentscript.txt,37343,review_variable_name,revision_started
2026-10-08T20:11:54.915,D:\kuchu\contentscript.txt,37343,review_variable_name,revision_completed
2026-10-08T20:12:33.183,D:\kuchu\contentscript.txt,37630,review_complexity,revision_started
2026-10-08T20:12:35.718,D:\kuchu\contentscript.txt,37630,review_complexity,revision_completed
2026-10-08T20:13:13.229,D:\kuchu\contentscript.txt,37916,review_function_name,revision_started
2026-10-08T20:13:16.562,D:\kuchu\contentscript.txt,37916,review_function_name,revision_completed
2026-10-08T20:14:01.592,D:\kuchu\contentscript.txt,38297,review_function_name,revision_started
2026-10-08T20:14:03.858,D:\kuchu\contentscript.txt,38297,review_function_name,revision_completed
2026-10-08T20:15:04.459,D:\kuchu\contentscript.txt,38764,review_duplication,revision_started
2026-10-08T20:15:09.313,D:\kuchu\contentscript.txt,38764,review_duplication,revision_completed
2026-10-08T20:15:55.576,D:\kuchu\contentscript.txt,39104,review_edge_case,revision_started
2026-10-08T20:15:57.193,D:\kuchu\contentscript.txt,39104,review_edge_case,revision_completed
2026-10-08T20:16:51.525,D:\kuchu\contentscript.txt,39486,review_performance,revision_started
2026-10-08T20:16:55.107,D:\kuchu\contentscript.txt,39486,review_performance,revision_completed
2026-10-08T20:17:34.839,D:\kuchu\contentscript.txt,39755,review_type_consistency,revision_started
2026-10-08T20:17:37.024,D:\kuchu\contentscript.txt,39755,review_type_consistency,revision_completed
2026-10-08T20:18:19.165,D:\kuchu\contentscript.txt,40042,review_readability,revision_started
2026-10-08T20:18:22.882,D:\kuchu\contentscript.txt,40042,review_readability,revision_completed
2026-10-08T20:18:55.165,D:\kuchu\contentscript.txt,40296,review_boundary,revision_started
2026-10-08T20:18:57.724,D:\kuchu\contentscript.txt,40296,review_boundary,revision_completed
2026-10-08T20:20:02.436,D:\kuchu\contentscript.txt,40814,review_imports,revision_started
2026-10-08T20:20:03.465,D:\kuchu\contentscript.txt,40814,review_imports,revision_completed
2026-10-08T20:21:06.841,D:\kuchu\contentScript.js,339,review_security,revision_started
2026-10-08T20:21:10.640,D:\kuchu\contentScript.js,339,review_security,revision_completed
2026-10-08T20:21:39.819,D:\kuchu\contentScript.js,591,review_condition,revision_started
2026-10-08T20:21:41.880,D:\kuchu\contentScript.js,591,review_condition,revision_completed
2026-10-08T20:22:09.236,D:\kuchu\contentScript.js,857,review_null_case,revision_started
2026-10-08T20:22:12.917,D:\kuchu\contentScript.js,857,review_null_case,revision_completed
2026-10-08T20:22:48.558,D:\kuchu\contentScript.js,1149,review_state,revision_started
2026-10-08T20:22:52.271,D:\kuchu\contentScript.js,1149,review_state,revision_completed
2026-10-08T20:23:21.985,D:\kuchu\contentScript.js,1417,review_state,revision_started
